[{"title":"상추 키우기 체험","description":"한국 도시텃밭의 대표 작물인 상추를 직접 심고 가꾸는 체험 프로그램입니다. 아이와 함께 씨앗 심기부터 모종 관리, 수확까지 전 과정을 체험하며 친환경 식물 기르기의 즐거움을 느껴보세요. 수확한 상추로 간단한 샐러드를 만들어 맛보는 시간도 가집니다.","minAge":12,"maxAge":24,"date":"2025-06-07T02:10:26.105Z","location":"서울 강남구 도시농업체험장","price":30000,"maxParticipants":10,"minParticipants":6,"duration":90,"imageUrl":"https://images.unsplash.com/photo-1556800572-1b8aedf82c5e?ixlib=rb-4.0.3&auto=format&fit=crop&w=800&h=500","status":"confirmed","id":1,"currentParticipants":2},{"title":"방울토마토 수확 체험","description":"아이들이 가장 좋아하는 방울토마토를 직접 수확하고 맛보는 체험입니다. 방울토마토의 성장 과정을 관찰하고, 수확의 기쁨을 느껴보세요. 수확한 방울토마토로 미니 피자 만들기 활동도 함께 진행됩니다. 아이의 오감을 자극하고 건강한 먹거리의 소중함을 배울 수 있는 시간입니다.","minAge":10,"maxAge":24,"date":"2025-06-10T02:10:26.105Z","location":"서울 마포구 도시농업센터","price":32000,"maxParticipants":8,"minParticipants":5,"duration":100,"imageUrl":"https://images.unsplash.com/photo-1592841200221-a6898f307baa?ixlib=rb-4.0.3&auto=format&fit=crop&w=800&h=500","status":"confirmed","id":2,"currentParticipants":0},{"title":"고추 모종 심기 체험","description":"한국 요리에 빠질 수 없는 고추 모종을 심고 가꾸는 체험입니다. 다양한 크기와 색깔의 고추 모종을 심고, 식물 성장에 필요한 물과 영양분에 대해 배웁니다. 아이들의 호기심을 자극하고 생명의 소중함을 느낄 수 있는 시간이 될 것입니다. 작은 화분에 심은 고추 모종은 집에 가져가서 계속 관찰할 수 있습니다.","minAge":12,"maxAge":24,"date":"2025-06-14T02:10:26.105Z","location":"서울 송파구 실내 농장","price":28000,"maxParticipants":10,"minParticipants":5,"duration":80,"imageUrl":"https://images.unsplash.com/photo-1596371624386-1cbcd43a3cce?ixlib=rb-4.0.3&auto=format&fit=crop&w=800&h=500","status":"confirmed","id":3,"currentParticipants":0},{"title":"깻잎 향기 체험","description":"한국 식탁에 자주 오르는 깻잎을 직접 기르고 수확하는 체험입니다. 깻잎의 독특한 향과 다양한 활용법에 대해 배우고, 수확한 깻잎으로 건강한 간식을 만들어봅니다. 아이들에게 한국 전통 식물에 대한 관심과 애정을 키워주는 특별한 시간이 될 것입니다. 깻잎 씨앗 패키지도 선물로 드립니다.","minAge":6,"maxAge":18,"date":"2025-06-17T02:10:26.105Z","location":"서울 노원구 어린이 농장","price":25000,"maxParticipants":12,"minParticipants":6,"duration":70,"imageUrl":"https://images.unsplash.com/photo-1515708977879-aec7759f0d7d?ixlib=rb-4.0.3&auto=format&fit=crop&w=800&h=500","status":"confirmed","id":4,"currentParticipants":0},{"title":"The Very Hungry Caterpillar 연극놀이","description":"세계적으로 유명한 에릭 칼의 'The Very Hungry Caterpillar' 그림책을 활용한 연극놀이입니다. 'I am hungry', 'I like apples', 'Let's eat together' 등 쉬운 생활영어 표현을 배우며 배고픈 애벌레가 나비가 되는 과정을 직접 연기해봅니다. 아이들은 과일 소품을 활용하여 먹는 행동을 연기하고, 알에서 나비로 변하는 과정을 몸으로 표현하며 생활영어를 자연스럽게 익힙니다.","minAge":10,"maxAge":24,"date":"2025-06-09T02:10:26.105Z","location":"서울 마포구 키즈카페","price":35000,"maxParticipants":8,"minParticipants":4,"duration":75,"imageUrl":"https://images.unsplash.com/photo-1503676260728-1c00da094a0b?ixlib=rb-4.0.3&auto=format&fit=crop&w=800&h=500","status":"pending","id":5,"currentParticipants":0},{"title":"Brown Bear, Brown Bear 역할놀이","description":"빌 마틴 주니어의 'Brown Bear, Brown Bear, What Do You See?' 그림책을 활용한 역할놀이입니다. 'I see a...', 'What color is it?', 'I am a...' 같은 쉬운 생활영어 표현을 익히며 다양한 동물 역할을 맡아 연기합니다. 색깔과 동물 이름을 영어로 배우고, 동물 가면을 만들어 쓰고 각 동물의 특징적인 움직임과 소리를 표현하는 활동을 통해 아이들의 언어 발달과 창의력, 표현력을 함께 키웁니다.","minAge":12,"maxAge":24,"date":"2025-06-16T02:10:26.105Z","location":"서울 강동구 어린이도서관","price":32000,"maxParticipants":8,"minParticipants":4,"duration":60,"imageUrl":"https://images.unsplash.com/photo-1549737221-bef65e2604a6?ixlib=rb-4.0.3&auto=format&fit=crop&w=800&h=500","status":"pending","id":6,"currentParticipants":0},{"title":"Going on a Bear Hunt 모험놀이","description":"마이클 로젠의 'We're Going on a Bear Hunt' 그림책을 활용한 영어 모험놀이입니다. 'Let's go', 'I'm not scared', 'Oh no!' 등의 생활영어 표현을 배우며 실내에 꾸며진 작은 모험 코스를 탐험합니다. 풀숲, 진흙, 강, 숲 등 다양한 환경을 지나가는 모션과 효과음을 함께 표현하며 그림책 속 이야기를 실감나게 체험합니다. 아이들의 상상력과 신체 발달, 영어 표현력을 동시에 키울 수 있는 프로그램입니다.","minAge":8,"maxAge":20,"date":"2025-06-12T02:10:26.105Z","location":"서울 용산구 어린이영어도서관","price":34000,"maxParticipants":10,"minParticipants":5,"duration":70,"imageUrl":"https://images.unsplash.com/photo-1551966775-a4ddc8df052b?ixlib=rb-4.0.3&auto=format&fit=crop&w=800&h=500","status":"pending","id":7,"currentParticipants":0},{"title":"The Rainbow Fish 인형극 놀이","description":"마르쿠스 피스터의 'The Rainbow Fish' 그림책을 활용한 인형극 놀이입니다. 'Please', 'Thank you', 'Can I have...?', 'Let's be friends' 등 일상 생활에서 자주 사용하는 영어 표현을 배우며 무지개 물고기 이야기를 인형극으로 만들어봅니다. 아이들은 반짝이는 비늘 소품을 만들고, 물고기 캐릭터 역할을 나누어 맡아 공유와 우정의 가치를 영어로 표현합니다. 영어 표현과 함께 사회성 발달에도 도움을 주는 프로그램입니다.","minAge":10,"maxAge":22,"date":"2025-06-14T02:10:26.105Z","location":"서울 송파구 키즈아트센터","price":36000,"maxParticipants":8,"minParticipants":4,"duration":80,"imageUrl":"https://images.unsplash.com/photo-1594608661623-aa0bd3a69799?ixlib=rb-4.0.3&auto=format&fit=crop&w=800&h=500","status":"pending","id":8,"currentParticipants":0},{"id":303,"title":"아기 체조","description":"전문 강사와 함께하는 영아 발달 체조 프로그램입니다. 대근육과 소근육 발달을 촉진하는 다양한 활동을 진행합니다.","minAge":6,"maxAge":18,"date":"2025-06-11T02:10:26.105Z","location":"파주시 키즈 체육관","price":20000,"maxParticipants":10,"minParticipants":5,"duration":45,"imageUrl":"https://images.unsplash.com/photo-1596464716127-f2a82984de30?ixlib=rb-4.0.3&auto=format&fit=crop&w=800&h=500","status":"pending","currentParticipants":0},{"title":"아기 체육 놀이","description":"다양한 공과 매트 활동을 통해 아이의 대근육 발달과 신체 협응력을 키워요.","minAge":6,"maxAge":18,"date":"2025-05-19T02:10:26.105Z","location":"서울 용산구 키즈체육관","price":28000,"maxParticipants":10,"minParticipants":6,"duration":60,"imageUrl":"https://images.unsplash.com/photo-1596464716127-f2a82984de30?ixlib=rb-4.0.3&auto=format&fit=crop&w=800&h=500","status":"canceled","id":9,"currentParticipants":0},{"title":"오감 놀이터","description":"다양한 놀이기구와 감각재료를 통해 아이의 오감을 자극하고 발달을 돕는 프로그램이에요.","minAge":8,"maxAge":24,"date":"2025-06-12T02:10:26.105Z","location":"서울 서초구 어린이놀이센터","price":29000,"maxParticipants":8,"minParticipants":5,"duration":70,"imageUrl":"https://images.unsplash.com/photo-1524503033411-c9566986fc8f?ixlib=rb-4.0.3&auto=format&fit=crop&w=800&h=500","status":"pending","id":10,"currentParticipants":0}]